{
  "id": "d9bd8746-b3d7-4a79-97fe-32ce88f8a4e1",
  "name": "param",
  "isOverridable": true,
  "entries": [
    {
      "value": "team members",
      "synonyms": [
        "team",
        "team members",
        "members"
      ]
    },
    {
      "value": "timeline",
      "synonyms": [
        "timeline",
        "timelines",
        "time lines",
        "time period",
        "period"
      ]
    },
    {
      "value": "Background",
      "synonyms": [
        "Backgroung",
        "background",
        "back ground"
      ]
    },
    {
      "value": "The Idea",
      "synonyms": [
        "The Idea",
        "idea"
      ]
    },
    {
      "value": "Insights",
      "synonyms": [
        "Insights",
        "insight"
      ]
    },
    {
      "value": "Discoveries",
      "synonyms": [
        "Discoveries",
        "Discovery"
      ]
    },
    {
      "value": "Moving Forward",
      "synonyms": [
        "Moving Forward",
        "forward",
        "moving"
      ]
    },
    {
      "value": "Area of the customer journey",
      "synonyms": [
        "Area of the customer journey",
        "customer journey",
        "areas of journey"
      ]
    },
    {
      "value": "Technology area",
      "synonyms": [
        "Technology area",
        "area"
      ]
    },
    {
      "value": "date",
      "synonyms": [
        "date"
      ]
    }
  ],
  "isEnum": false,
  "automatedExpansion": true
}