{
  "id": "dd67f5a4-0c1a-4cff-9f8a-9efa6e22c527",
  "name": "projects",
  "isOverridable": true,
  "entries": [
    {
      "value": "Sky Club - Check in",
      "synonyms": [
        "sky club check in",
        "skyclub checkin",
        "skyclubcheckin",
        "skyclub",
        "checkin",
        "sky club"
      ]
    },
    {
      "value": "Sky Club - Feedback Collection",
      "synonyms": [
        "Sky Club - Feedback Collection",
        "feedback collection",
        "feedback",
        "collection",
        "skyclub feedback collection",
        "skyclub feedback"
      ]
    },
    {
      "value": "Sky Club - Millennial Engagement",
      "synonyms": [
        "Sky Club Millennial Engagement",
        "Millennial",
        "Engagement",
        "Millennial Engagement"
      ]
    },
    {
      "value": "Sky Club - People Counter",
      "synonyms": [
        "Sky Club - People Counter",
        "people counter",
        "counter",
        "people"
      ]
    },
    {
      "value": "Hangar Website",
      "synonyms": [
        "Hangar Website",
        "hanger",
        "website"
      ]
    },
    {
      "value": "Flight Family Communications",
      "synonyms": [
        "Flight Family Communications",
        "family communications",
        "communications",
        "flight family"
      ]
    },
    {
      "value": "Delta - Georgia Tech Galley Challenge",
      "synonyms": [
        "Delta - Georgia Tech Galley Challenge",
        "Georgia Tech Galley",
        "Georgia Tech Challenge",
        "Georgia Challenge",
        "Delta Georgia Challenge"
      ]
    },
    {
      "value": "SNAPP Mobile",
      "synonyms": [
        "SNAPP Mobile",
        "snapp",
        "mobile",
        "snapp mobile"
      ]
    },
    {
      "value": "SCAD Project",
      "synonyms": [
        "SCAD Project",
        "scad",
        "scad project",
        "s cad project"
      ]
    },
    {
      "value": "CSTF",
      "synonyms": [
        "CSTF"
      ]
    },
    {
      "value": "Cargo Pet Travel",
      "synonyms": [
        "Cargo Pet Travel",
        "pet travel",
        "cargo pet",
        "cargo travel"
      ]
    },
    {
      "value": "Smart Pallet",
      "synonyms": [
        "Smart Pallet",
        "pallet"
      ]
    },
    {
      "value": "Drone Lighting strike detection",
      "synonyms": [
        "Drone Lighting strike detection",
        "lighting strike detection",
        "strick detection",
        "lighting strike",
        "drone lighting"
      ]
    },
    {
      "value": "DIIMS Delta Idea and Innovation Management S/W",
      "synonyms": [
        "DIIMS Delta Idea and Innovation Management",
        "Delta Idea and Innovation Management",
        "Delta Idea and Innovation",
        "Idea and Innovation",
        "Idea and Innovation Management"
      ]
    },
    {
      "value": "Delta Bots - IROP",
      "synonyms": [
        "Delta Bots - IROP",
        "IROP",
        "Deltabot",
        "delta bot",
        "bot"
      ]
    },
    {
      "value": "Delta Bots - Preselect meal",
      "synonyms": [
        "Delta Bots - Preselect meal",
        "preselect meal",
        "meal",
        "preselect"
      ]
    },
    {
      "value": "Delta Bots - Pilot support center",
      "synonyms": [
        "Delta Bots - Pilot support center",
        "pilot support",
        "support center",
        "pilot center"
      ]
    },
    {
      "value": "Delta Hangar Assistant",
      "synonyms": [
        "Delta Hangar Assistant",
        "hanger assistant",
        "hanger"
      ]
    }
  ],
  "isEnum": false,
  "automatedExpansion": true
}